CSP,LSP,ESP,RSP,TSP,SSP,DLSP,HSP,BSP
2.84053e-08,2.01136e-01,8.12520e-10,5.74851e-12,5.31258e-10,8.36735e-10,5.00222e-11,3.80143e-11,3.77331e-10
