CSP,LSP,ESP,RSP,TSP,SSP,DLSP,HSP,BSP
2.41756e-09,1.35809e-05,1.29222e-11,2.21974e-13,5.22712e-13,6.74534e-12,1.02853e-12,1.28968e-13,8.10983e-12
9.46208e+18,3.50734e+18,7.70741e+18,8.88429e+18,9.25507e+19,7.83747e+18,3.27395e+19,2.06552e+19,1.12463e+19
5.58794e-08,0.00178158,2.11037e-09,3.99929e-11,9.39231e-11,9.68157e-10,3.29123e-11,1.94902e-11,1.49773e-09
