CSP,LSP,ESP,RSP,TSP,SSP,DLSP,HSP,BSP
7.68399e-10,1.54597e-03,5.74946e-12,6.32916e-14,2.97356e-12,8.14208e-12,3.27318e-12,2.26731e-13,2.03053e-12
9.46208e+18,3.50734e+18,7.70741e+18,8.88429e+18,9.25507e+19,7.83747e+18,3.27395e+19,2.06552e+19,1.12463e+19
2.84053e-08,0.201136,8.1252e-10,5.74851e-12,5.31258e-10,8.36735e-10,5.00222e-11,3.80143e-11,3.77331e-10
