CSP,LSP,ESP,RSP,TSP,SSP,DLSP,HSP,BSP
4.89250e-08,2.35108e-03,5.73224e-10,6.74362e-12,4.25802e-11,4.46384e-10,9.43782e-11,5.60408e-12,5.75564e-10
9.46208e+18,3.50734e+18,7.70741e+18,8.88429e+18,9.25507e+19,7.83747e+18,3.27395e+19,2.06552e+19,1.12463e+19
8.04663e-07,0.307254,9.16916e-08,1.13275e-09,7.63839e-09,3.34112e-08,2.94676e-09,8.11497e-10,1.07214e-07
