Shape Parameter,max error,condition number,average error
CSP,2.84053e-08,9.46208e+18,4.11107e-10
LSP,1.89954e-02,4.46765e+18,1.19704e-10
ESP,8.12520e-10,7.70741e+18,6.34120e-11
RSP,4.09770e-10,8.66796e+18,1.29767e-10
TSP,8.15725e-12,6.31364e+18,5.77420e-11
SSP,8.36735e-10,7.83747e+18,9.87453e-11
DLSP,1.92813e-10,7.68163e+18,6.83622e-11
HSP,4.45015e-11,7.23772e+18,7.93125e-11
BSP,1.00450e-10,7.35525e+18,1.37091e-11
