Shape Parameter,max error,condition number,average error
CSP,2.84053e-08,9.46208e+18,7.68399e-10
LSP,1.89954e-02,4.46765e+18,1.53773e-04
ESP,8.12520e-10,7.70741e+18,5.74946e-12
RSP,4.09770e-10,8.66796e+18,2.16452e-12
TSP,8.15725e-12,6.31364e+18,6.38369e-14
SSP,8.36735e-10,7.83747e+18,8.14208e-12
DLSP,1.92813e-10,7.68163e+18,5.23682e-12
HSP,4.45015e-11,7.23772e+18,3.72594e-13
BSP,1.00450e-10,7.35525e+18,6.28196e-13
