Shape Parameter,max error,condition number,average error,e_min,e_max
CSP,4.61210e-08,6.86613e+18,1.00880e-08,3.00000,3.00000
LSP,9.59555e-12,6.87559e+18,1.64175e-12,1.76570,8.47396
ESP,6.45741e-11,6.87380e+18,6.67425e-12,2.18705,14.82776
RSP,5.49538e-12,6.86687e+18,1.36323e-12,2.67358,3.13833
TSP,1.68754e-14,6.81102e+18,2.58904e-15,2.29680,8.19247
SSP,1.60071e-10,6.85672e+18,1.10625e-11,8.12386,14.15324
DLSP,1.14281e-11,6.86541e+18,2.06291e-12,0.89994,4.36451
HSP,1.33982e-12,6.84866e+18,2.25931e-13,5.25059,12.46560
BSP,6.76259e-12,6.83692e+18,5.80355e-13,7.37997,14.86867
