Shape Parameter,max error,condition number,average error
CSP,9.90185e-09,4.67282e+19,2.47748e-09
LSP,2.45301e-03,3.59618e+18,1.37109e-05
ESP,2.54661e-11,4.15582e+19,6.43347e-12
RSP,1.06359e-13,1.14149e+19,1.04610e-14
TSP,3.08642e-14,3.15332e+19,5.89395e-15
SSP,5.82074e-11,8.59971e+18,8.76318e-12
DLSP,5.82079e-11,1.57326e+19,1.22653e-11
HSP,3.15747e-13,6.67577e+18,8.71925e-14
BSP,1.45883e-13,2.55255e+19,3.38121e-14
