Shape Parameter,max error,condition number,average error
CSP,3.88720e-08,4.67282e+19,7.10001e-09
LSP,2.34129e-04,3.59618e+18,1.31740e-06
ESP,3.09228e-11,4.15582e+19,5.35281e-12
RSP,3.90799e-14,1.14149e+19,7.60103e-15
TSP,4.08562e-14,3.15332e+19,6.63380e-15
SSP,1.09139e-11,8.59971e+18,1.77708e-12
DLSP,4.00178e-11,1.57326e+19,4.92997e-12
HSP,1.93989e-12,6.67577e+18,3.80641e-13
BSP,2.91211e-13,2.55255e+19,7.10347e-14
