Shape Parameter,max error,condition number,average error
CSP,5.58794e-08,9.46208e+18,9.38457e-10
LSP,3.36159e-04,4.46765e+18,1.92960e-10
ESP,2.11037e-09,7.70741e+18,4.06537e-10
RSP,1.98526e-10,8.66796e+18,2.47479e-10
TSP,2.60059e-12,6.31364e+18,4.96872e-10
SSP,9.68157e-10,7.83747e+18,3.20059e-10
DLSP,3.89264e-10,7.68163e+18,4.51504e-10
HSP,4.51905e-12,7.23772e+18,1.45502e-10
BSP,1.03388e-10,7.35525e+18,1.69878e-10
