Shape Parameter,max error,condition number,average error,e_min,e_max
CSP,4.61210e-08,6.86613e+18,1.00880e-08,3.00000,3.00000
LSP,4.09452e-11,6.87625e+18,8.28910e-12,8.87232,16.90561
ESP,5.63887e-11,6.86407e+18,3.92948e-12,2.79842,14.11317
RSP,2.43361e-13,6.85967e+18,3.85683e-14,8.62992,18.21255
TSP,5.21805e-15,6.90454e+18,1.20393e-15,4.23908,7.99555
SSP,2.03593e-11,6.88995e+18,3.53605e-12,5.66976,8.30512
DLSP,4.00269e-11,6.86001e+18,8.77729e-12,5.96134,6.82129
HSP,7.04858e-12,6.86586e+18,5.13644e-13,7.15324,16.94056
BSP,8.93619e-13,6.86875e+18,1.64494e-13,8.87950,10.44328
