Shape Parameter,max error,condition number,average error
CSP,5.58794e-08,9.46208e+18,2.41756e-09
LSP,3.36159e-04,4.46765e+18,2.68530e-06
ESP,2.11037e-09,7.70741e+18,1.29222e-11
RSP,1.98526e-10,8.66796e+18,1.05131e-12
TSP,2.60059e-12,6.31364e+18,2.57518e-14
SSP,9.68157e-10,7.83747e+18,6.74534e-12
DLSP,3.89264e-10,7.68163e+18,7.32744e-12
HSP,4.51905e-12,7.23772e+18,1.15509e-13
BSP,1.03388e-10,7.35525e+18,6.32585e-13
