Shape Parameter,max error,condition number,average error
CSP,1.62462e-07,4.67282e+19,3.38613e-08
LSP,1.23350e-02,3.59618e+18,6.88271e-05
ESP,1.04774e-09,4.15582e+19,1.99363e-10
RSP,1.19726e-12,1.14149e+19,2.32031e-13
TSP,1.36424e-12,3.15332e+19,3.61691e-13
SSP,7.76360e-10,8.59971e+18,1.63246e-10
DLSP,2.26151e-09,1.57326e+19,4.23080e-10
HSP,1.16415e-10,6.67577e+18,3.24215e-11
BSP,4.67679e-11,2.55255e+19,8.37877e-12
