Shape Parameter,max error,condition number,average error,e_min,e_max
CSP,2.26179e-07,6.86613e+18,5.39897e-08,3.00000,3.00000
LSP,3.72529e-09,6.85868e+18,5.98632e-10,8.17541,8.70833
ESP,1.74623e-09,6.86921e+18,2.62611e-10,8.77465,16.79031
RSP,5.37241e-11,6.85518e+18,8.14270e-12,8.50702,10.59205
TSP,3.18323e-12,6.81102e+18,5.53090e-13,2.29680,8.19247
SSP,1.11401e-09,6.88995e+18,1.66596e-10,5.66976,8.30512
DLSP,9.11545e-10,6.86001e+18,1.91953e-10,5.96134,6.82129
HSP,3.71074e-10,6.86586e+18,8.23707e-12,7.15324,16.94056
BSP,3.63798e-11,6.86875e+18,5.25165e-12,8.87950,10.44328
