Shape Parameter,max error,condition number,average error
CSP,8.04663e-07,9.46208e+18,3.77612e-09
LSP,3.65947e-01,4.46765e+18,2.82391e-09
ESP,9.16916e-08,7.70741e+18,1.11032e-09
RSP,5.86147e-09,8.66796e+18,3.27684e-09
TSP,1.66892e-10,6.31364e+18,8.17689e-09
SSP,3.34112e-08,7.83747e+18,7.11788e-09
DLSP,2.51457e-08,7.68163e+18,1.88938e-09
HSP,1.67529e-09,7.23772e+18,9.64029e-09
BSP,8.81181e-09,7.35525e+18,2.92638e-09
