Shape Parameter,max error,condition number,average error
CSP,8.04663e-07,9.46208e+18,4.89250e-08
LSP,3.65947e-01,4.46765e+18,2.77831e-03
ESP,9.16916e-08,7.70741e+18,5.73224e-10
RSP,5.86147e-09,8.66796e+18,3.17067e-11
TSP,1.66892e-10,6.31364e+18,2.21648e-12
SSP,3.34112e-08,7.83747e+18,4.46384e-10
DLSP,2.51457e-08,7.68163e+18,5.09022e-10
HSP,1.67529e-09,7.23772e+18,1.56907e-11
BSP,8.81181e-09,7.35525e+18,5.29751e-11
